S	.descriptions.Joker.j_ExtraCredit_forklift.name	Carretilla elevadora
A	.descriptions.Joker.j_ExtraCredit_forklift.text	{C:attention}+#1#{} espacios de consumibles
S	.descriptions.Joker.j_ExtraCredit_doublerainbow.name	Doble arcoíris
A	.descriptions.Joker.j_ExtraCredit_doublerainbow.text	{C:attention}Reactiva{} todas las {C:attention}cartas de la suerte{}
S	.descriptions.Joker.j_ExtraCredit_starfruit.name	Carambola
A	.descriptions.Joker.j_ExtraCredit_starfruit.text	La {C:attention}primera mano jugada{} de cada ronda / tiene {C:green}#2# en #3#{} probabilidades / de subir {C:attention}1{} nivel / {C:inactive}(Quedan {}{C:attention}#1#{}{C:inactive} rondas)
S	.descriptions.Joker.j_ExtraCredit_eclipse.name	Eclipse
A	.descriptions.Joker.j_ExtraCredit_eclipse.text	{C:chips}+#2#{} fichas por cada {C:attention}nivel de mano / por encima del {C:attention}nivel uno / {C:inactive}(Actual: {C:chips}+#1#{C:inactive} fichas)
S	.descriptions.Joker.j_ExtraCredit_rubberducky.name	Patito de goma
A	.descriptions.Joker.j_ExtraCredit_rubberducky.text	Las cartas jugadas {C:red}pierden{} {C:chips}#2# fichas{} al anotar / Este comodín gana las fichas perdidas / {C:inactive}(Actual: {C:chips}+#1# {}{C:inactive}fichas)
S	.descriptions.Joker.j_ExtraCredit_pocketaces.name	Pareja de ases
A	.descriptions.Joker.j_ExtraCredit_pocketaces.text	Da {C:money}$#1#{} al final de la ronda / Los {C:attention}ases{} jugados aumentan el pago / en {C:money}$#2#{} al anotar / {C:inactive}(Se reinicia en cada{} {C:attention}apuesta inicial{}{C:inactive})
S	.descriptions.Joker.j_ExtraCredit_warlock.name	Brujo
A	.descriptions.Joker.j_ExtraCredit_warlock.text	Las {C:attention}cartas de la suerte{} jugadas tienen / {C:green}#1# en #2#{} probabilidades de {C:attention}destruirse{} y / generar una carta {C:spectral}espectral{} al anotar / {C:inactive}(Debe haber espacio)
S	.descriptions.Joker.j_ExtraCredit_purplejoker.name	Comodín morado
A	.descriptions.Joker.j_ExtraCredit_purplejoker.text	Gana tanto {C:mult}multi{} y {C:chips}fichas{} como / {C:blue}manos{} y {C:red}descartes{} te queden / tras cada ronda / {C:inactive}(Actual: {}{C:purple}+#1# {C:inactive}multi y fichas)
S	.descriptions.Joker.j_ExtraCredit_compost.name	Compost
A	.descriptions.Joker.j_ExtraCredit_compost.text	Este comodín gana {C:mult}+#2# {}multi / cada {C:attention}#4#{} cartas {C:attention}descartadas / Se destruye al llegar a {C:mult}+#5#{} multi / {C:inactive}(Actual: {C:mult}+#1#{C:inactive} multi y {C:attention}#3#{}{C:inactive}/#4#)
S	.descriptions.Joker.j_ExtraCredit_candynecklace.name	Collar de caramelos
A	.descriptions.Joker.j_ExtraCredit_candynecklace.text	Obtienes una {C:attention}etiqueta de paquete potenciador{} aleatoria / al final de la {C:attention}tienda / {C:inactive}(Quedan {}{C:attention}#1#{}{C:inactive})
S	.descriptions.Joker.j_ExtraCredit_yellowcard.name	Tarjeta amarilla
A	.descriptions.Joker.j_ExtraCredit_yellowcard.text	Gana {C:money}$#1#{} cada vez que / omites un {C:attention}paquete potenciador
S	.descriptions.Joker.j_ExtraCredit_turtle.name	Tortuga
A	.descriptions.Joker.j_ExtraCredit_turtle.text	Este comodín gana multi {X:mult,C:white} X#1# {} al / final de cada {C:attention}ciega pequeña{} o {C:attention}grande{} / {C:inactive}(Actual: multi {X:mult,C:white}X#2#{C:inactive})
S	.descriptions.Joker.j_ExtraCredit_clowncollege.name	Escuela de payasos
A	.descriptions.Joker.j_ExtraCredit_clowncollege.text	{C:attention}Llena{} los espacios de consumibles / con cartas de {C:tarot}El loco{} tras / derrotar a la {C:attention}ciega jefe / {C:inactive}(Debe haber espacio)
S	.descriptions.Joker.j_ExtraCredit_handbook.name	Manual
A	.descriptions.Joker.j_ExtraCredit_handbook.text	Este comodín gana {C:blue}+#1#{} fichas si la / {C:attention}mano de póker{} jugada {C:attention}no{} se ha / jugado aún esta ronda / {C:inactive}(Actual: {C:blue}+#2#{C:inactive} fichas)
S	.descriptions.Joker.j_ExtraCredit_tengallon.name	Sombrero tejano
A	.descriptions.Joker.j_ExtraCredit_tengallon.text	Multi {X:mult,C:white}X#1#{} por cada / {C:money}$#2#{} que tengas / {C:inactive}(Actual: multi {X:mult,C:white}X#3#{C:inactive})
S	.descriptions.Joker.j_ExtraCredit_montehaul.name	Monte Haul
A	.descriptions.Joker.j_ExtraCredit_montehaul.text	Tras {C:attention}#3#{} ronda, vende esta carta / para obtener {C:attention}#1#{} {C:attention}etiquetas de comodín{} aleatorias / {C:inactive}(Actual: {C:attention}#2#{C:inactive}/#3#)
S	.descriptions.Joker.j_ExtraCredit_espresso.name	Expreso
A	.descriptions.Joker.j_ExtraCredit_espresso.text	Gana {C:money}$#1#{} y destruye esta carta / al omitir cualquier {C:attention}ciega / Disminuye en {C:money}$#2#{} tras cada ronda
S	.descriptions.Joker.j_ExtraCredit_trafficlight.name	Semáforo
A	.descriptions.Joker.j_ExtraCredit_trafficlight.text	Da multi {X:mult,C:white}X#1#{} / Disminuye en {X:mult,C:white}X#2#{} / por cada mano jugada / Se reinicia tras {X:mult,C:white}X#3#{}
S	.descriptions.Joker.j_ExtraCredit_holdyourbreath.name	Aguanta la respiración
A	.descriptions.Joker.j_ExtraCredit_holdyourbreath.text	Gana {C:chips}+#2#{} fichas por cada {C:attention}mano jugada / Se reinicia al usar un {C:red}descarte / Se {C:attention}destruye{} al llegar a {C:chips}+#3#{} fichas / {C:inactive}(Actual: {C:chips}+#1#{C:inactive} fichas)
S	.descriptions.Joker.j_ExtraCredit_corgi.name	Toby el corgi
A	.descriptions.Joker.j_ExtraCredit_corgi.text	{C:attention}Destruye{} un {C:attention}consumible{} aleatorio / y gana {C:mult}+#2#{} multi / al seleccionar la {C:attention}ciega / {C:inactive}(Actual: {C:mult}+#1# {C:inactive}multi)
S	.descriptions.Joker.j_ExtraCredit_werewolf.name	Hombre lobo
A	.descriptions.Joker.j_ExtraCredit_werewolf.text	Las cartas jugadas que están / {C:attention}mejoradas{} se convierten en {C:attention}cartas versátiles
S	.descriptions.Joker.j_ExtraCredit_permanentmarker.name	Rotulador permanente
A	.descriptions.Joker.j_ExtraCredit_permanentmarker.text	Las cartas {C:attention}mejoradas{} / no se pueden debilitar
S	.descriptions.Joker.j_ExtraCredit_pridefuljoker.name	Comodín orgulloso
A	.descriptions.Joker.j_ExtraCredit_pridefuljoker.text	Las {C:attention}cartas versátiles{} jugadas dan / {C:mult}+#1#{} multi al anotar
S	.descriptions.Joker.j_ExtraCredit_tuxedo.name	Esmoquin
A	.descriptions.Joker.j_ExtraCredit_tuxedo.text	{C:attention}Reactiva{} todas las cartas / de {V:1}#1#{} / {s:0.8}el palo cambia al final de la ronda
S	.descriptions.Joker.j_ExtraCredit_farmer.name	Granjero
A	.descriptions.Joker.j_ExtraCredit_farmer.text	Las cartas de {V:1}#2#{} que tengas / en la mano dan {C:money}$#1# / al final de la ronda / {s:0.8}el palo cambia al final de la ronda
S	.descriptions.Joker.j_ExtraCredit_ambrosia.name	Ambrosía
A	.descriptions.Joker.j_ExtraCredit_ambrosia.text	{C:attention}Llena{} los espacios de consumibles con / cartas {C:spectral}espectrales{} cada vez que / se {C:attention}omite{} una {C:attention}ciega{}; se destruye / al {C:attention}vender{} cualquier carta {C:spectral}espectral / {C:inactive}(Debe haber espacio)
S	.descriptions.Joker.j_ExtraCredit_clowncar.name	Coche de payasos
A	.descriptions.Joker.j_ExtraCredit_clowncar.text	{C:mult}+#1#{} multi y {C:money}-$#2# / {C:attention}antes{} de que anoten las cartas
S	.descriptions.Joker.j_ExtraCredit_shipoftheseus.name	Barco de Teseo
A	.descriptions.Joker.j_ExtraCredit_shipoftheseus.text	Cada vez que se {C:attention}destruye{} una {C:attention}carta de juego{}, / añade una {C:attention}copia{} de ella a tu {C:attention}baraja / y este comodín gana multi {X:mult,C:white}X#2#{} / {C:inactive}(Actual: multi {X:mult,C:white}X#1#{C:inactive})
S	.descriptions.Joker.j_ExtraCredit_accretiondisk.name	Disco de acreción
A	.descriptions.Joker.j_ExtraCredit_accretiondisk.text	Tu {C:attention}mano más jugada / sube un nivel / cada {C:attention}#2#{} {C:planet}planetas{} usados / {C:inactive}(Actual: {C:attention}#1#{C:inactive}/#2#)
S	.descriptions.Joker.j_ExtraCredit_gofish.name	A pescar
A	.descriptions.Joker.j_ExtraCredit_gofish.text	La {C:attention}primera vez{} que una / {C:attention}mano jugada{} contiene / {C:attention}#1#{} que anotan, se destruyen / {s:0.8}la categoría cambia al final de la ronda
S	.descriptions.Joker.j_ExtraCredit_plushie.name	Peluche
A	.descriptions.Joker.j_ExtraCredit_plushie.text	{C:chips}+#1#{} fichas por / cada carta de {C:attention}comodín / {C:inactive}(Actual: {C:blue}+#2#{C:inactive} fichas)
S	.descriptions.Joker.j_ExtraCredit_pyromancer.name	Piromante
A	.descriptions.Joker.j_ExtraCredit_pyromancer.text	{C:mult}+#1#{} multi si las {C:attention}manos / restantes son menos / o iguales que los {C:attention}descartes
S	.descriptions.Joker.j_ExtraCredit_bobby.name	Bobby
A	.descriptions.Joker.j_ExtraCredit_bobby.text	Al seleccionar la {C:attention}ciega{}, / pierdes {C:attention}#1#{} manos y ganas / {C:red}+#2#{} descartes por cada mano perdida
S	.descriptions.Joker.j_ExtraCredit_yinyang.name	Yin-yang
A	.descriptions.Joker.j_ExtraCredit_yinyang.text	Crea una carta de {C:purple}tarot{} y otra de {C:planet}planeta / al final de la ronda si / las {C:attention}manos{} restantes son {C:attention}iguales / a los {C:attention}descartes{} restantes
S	.descriptions.Joker.j_ExtraCredit_blackjack.name	Blackjack
A	.descriptions.Joker.j_ExtraCredit_blackjack.text	{C:mult}+#1#{} multi si la mano jugada / contiene una carta de {C:attention}figura{} que anota / y un {C:attention}as{} que no anota
S	.descriptions.Joker.j_ExtraCredit_joty.name	Comodín del año
A	.descriptions.Joker.j_ExtraCredit_joty.text	Si la mano jugada tiene / {C:attention}5{} cartas que anotan, / {C:attention}reactiva{} las cartas jugadas
S	.descriptions.Joker.j_ExtraCredit_averagealice.name	Alicia la normal
A	.descriptions.Joker.j_ExtraCredit_averagealice.text	Multi {C:white,X:mult}X#1#{} si la mano / jugada contiene una carta / {C:attention}impar{} y otra {C:attention}par{} que anotan
S	.descriptions.Joker.j_ExtraCredit_couponsheet.name	Hoja de cupones
A	.descriptions.Joker.j_ExtraCredit_couponsheet.text	Crea una {C:attention}etiqueta de cupón / y una {C:attention}etiqueta de vale / tras derrotar a la {C:attention}ciega jefe
S	.descriptions.Joker.j_ExtraCredit_hoarder.name	Acumulador
A	.descriptions.Joker.j_ExtraCredit_hoarder.text	Este comodín gana {C:money}$#1#{} de valor de venta / cada vez que ganas {C:money}dinero
S	.descriptions.Joker.j_ExtraCredit_chainlightning.name	Rayo en cadena
A	.descriptions.Joker.j_ExtraCredit_chainlightning.text	Las {C:attention}cartas multi{} jugadas dan / multi {X:mult,C:white}X#1#{} al anotar / y luego esto aumenta en {X:mult,C:white}X#2# / {C:inactive}(Se reinicia en cada mano)
S	.descriptions.Joker.j_ExtraCredit_jokalisa.name	La Jokonda
A	.descriptions.Joker.j_ExtraCredit_jokalisa.text	Gana multi {X:mult,C:white}X#2#{} por / cada {C:attention}mejora distinta / en la mano que anota / {C:inactive}(Actual: {X:mult,C:white}X#1#{C:inactive})
S	.descriptions.Joker.j_ExtraCredit_badapple.name	Manzana podrida
A	.descriptions.Joker.j_ExtraCredit_badapple.text	{C:chips}+#1#{} fichas / {C:green}#2# en #3#{} probabilidades de que esta / carta o una {C:attention}adyacente{} se / destruya al final de la ronda
S	.descriptions.Joker.j_ExtraCredit_passport.name	Pasaporte
A	.descriptions.Joker.j_ExtraCredit_passport.text	Una vez por {C:attention}apuesta inicial{}, si el {C:attention}último / {C:attention}descarte{} de la ronda tiene solo {C:attention}1 / carta, gana un {C:attention}sello{} aleatorio / {C:inactive}(Quedan {C:attention}#1#{C:inactive})
S	.descriptions.Joker.j_ExtraCredit_lucky7.name	7 de la suerte
A	.descriptions.Joker.j_ExtraCredit_lucky7.text	Si la mano jugada contiene / un {C:attention}7{} que anota, todas las / cartas jugadas cuentan como {C:attention}cartas de la suerte
S	.descriptions.Joker.j_ExtraCredit_alloy.name	Aleación
A	.descriptions.Joker.j_ExtraCredit_alloy.text	Las {C:attention}cartas de oro{} también / cuentan como {C:attention}cartas de acero{} / Las {C:attention}cartas de acero{} también / cuentan como {C:attention}cartas de oro{}
S	.descriptions.Back.b_ExtraCredit_bazaardeck.name	Baraja del bazar
A	.descriptions.Back.b_ExtraCredit_bazaardeck.text	Empiezas la partida con / {C:money,T:v_clearance_sale}#1#{}, / {C:attention,T:v_magic_trick}#2#{} / y {C:dark_edition,T:v_hone}#3#
S	.descriptions.Back.b_ExtraCredit_archeologydeck.name	Baraja de arqueología
A	.descriptions.Back.b_ExtraCredit_archeologydeck.text	Empiezas en la {C:attention}apuesta inicial 0 / {C:attention}-1{} de tamaño de mano
S	.descriptions.Back.b_ExtraCredit_echodeck.name	Baraja eco
A	.descriptions.Back.b_ExtraCredit_echodeck.text	{C:attention}Reactiva{} todas las cartas de juego / Tamaño base de ciega {C:red}X1.2{} / Aumenta {C:red}X0.2{} en cada apuesta inicial
