S	.misc.dictionary.jrinfo_debuffed	Debilitado
S	.misc.dictionary.jrinfo_drag_hint	arrastra las cartas para reordenarlas
S	.misc.dictionary.jrinfo_drag_hint_pages	arrastra para reordenar, < > para cambiar de página
S	.misc.dictionary.jrinfo_more	+%s más
S	.misc.dictionary.jrinfo_none	Sin comodines
S	.misc.dictionary.jrinfo_slots	Espacios
S	.misc.dictionary.jrinfo_tab	Comodines
S	.misc.dictionary.jrinfo_totals	Total
S	.misc.dictionary.jrinfo_totals_note	(sin contar condiciones)
A	.descriptions.Other.tmj_this_mods_cards.text	{C:green}Haz clic{} para ver / las cartas de {C:attention}#1# / {s:0.7,C:green}Mayús+clic{s:0.7} para abrir la configuración del mod
S	.descriptions.Back.b_prism_alchemy.name	Baraja del alquimista
A	.descriptions.Back.b_prism_alchemy.text	Cada {C:money}tienda{} tiene un / {C:myth_light,T:c_prism_myth_opus}Magnum Opus{} {C:attention}extra{}
S	.descriptions.Enhanced.m_prism_double.name	Carta doble
A	.descriptions.Enhanced.m_prism_double.text	Puede convertirse en / {C:attention}#1#{}
S	.descriptions.Joker.j_prism_monkey_paw.name	La pata de mono
A	.descriptions.Joker.j_prism_monkey_paw.text	Tras derrotar a la {C:attention}ciega jefe{}, / pide un deseo: crea {C:dark_edition}cualquier{} carta / {C:spectral}espectral{}, pero pierdes / {C:red}-#1#{} de tamaño de mano para siempre / {C:inactive}(Debe haber espacio)
S	.descriptions.Joker.j_prism_scale.name	Balanza
A	.descriptions.Joker.j_prism_scale.text	{C:chips}+#1#{} fichas por cada comodín a la {C:attention}derecha / {C:red}+#2#{} multi por cada comodín a la {C:attention}izquierda / {C:inactive}(Actual: {C:chips}+#3#{C:inactive} fichas y {C:red}+#4#{C:inactive} multi)
S	.descriptions.Myth.c_prism_myth_fae.name	Hada
A	.descriptions.Myth.c_prism_myth_fae.text	Gana {C:money}$#1#{} por cada nivel / de tu {C:attention}mano de póker{} / de mayor nivel {C:inactive}(Máx. {C:money}$#2#{C:inactive}) / {C:inactive}(Actual: {C:money}$#3#{C:inactive})
S	.descriptions.Myth.c_prism_myth_opus.name	Magnum Opus
A	.descriptions.Myth.c_prism_myth_opus.text	Mejora {C:attention}#1#{} carta seleccionada / con la {C:enhanced}mejora{} {C:attention}más común / de tu baraja completa
S	.descriptions.Myth.c_prism_myth_treant.name	Ent
S	.descriptions.Myth.c_prism_myth_yeti.name	Yeti
A	.descriptions.Other.remove_negative.text	{C:inactive,s:0.9}(Quita {C:dark_edition,s:0.9}negativo{C:inactive,s:0.9} y {C:dark_edition,s:0.9}lámina dorada{C:inactive,s:0.9} de la copia)
S	.descriptions.Other.undiscovered_myth.name	Carta mito desconocida
A	.descriptions.Other.undiscovered_myth.text	Encuentra esta carta en una partida / sin código para saber qué hace
S	.descriptions.Sleeve.sleeve_prism_alchemysleeve.name	Funda del alquimista
A	.descriptions.Sleeve.sleeve_prism_alchemysleeve.text	Cada {C:money}tienda{} tiene un / {C:myth_light,T:c_prism_myth_opus}Magnum Opus{} {C:attention}extra{}
S	.descriptions.Sleeve.sleeve_prism_alchemysleeve_alt.name	Funda del alquimista
A	.descriptions.Sleeve.sleeve_prism_alchemysleeve_alt.text	Empiezas la partida con / {C:tarot,T:v_crystal_ball}Bola de cristal{}
S	.misc.dictionary.b_open_link	Se abre en el navegador
S	.misc.dictionary.k_blahaj	Etiqueta :3
S	.misc.dictionary.k_edition_ex	Edición
S	.misc.dictionary.k_stone_ex	Piedra
S	.misc.dictionary.k_tied	Empate
S	.misc.dictionary.prism_allow_neg_copy	Permitir copiar cartas negativas
S	.misc.dictionary.prism_enhance_enabled	Activar mejoras
S	.misc.dictionary.prism_switch	Cambiar
A	.misc.quips.pnr_prism_blahaj_1	Podemos hacerlo, / colega :3
A	.misc.quips.pnr_prism_blahaj_2	asdfghjk ¡¡esta ciega / es enorme!! ¡Pero podemos / hacerlo juntos :3
A	.misc.quips.pnr_prism_blahaj_3	>33: suerte
S	.misc.v_dictionary.a_prism_chips	+#1# fichas
S	.misc.v_dictionary.a_prism_chips_minus	-#1# fichas
