S	.descriptions.Blind.bl_ortalab_beam.name	El rayo
A	.descriptions.Blind.bl_ortalab_beam.text	Los #1#, #2#, #3#, #4# / y #5# se roban bocabajo
S	.descriptions.Joker.j_ortalab_actor.name	Actor
S	.descriptions.Joker.j_ortalab_bowling_ball.name	Horóscopo
A	.descriptions.Joker.j_ortalab_bowling_ball.text	Crea una carta de {C:ortalab_zodiac}zodiaco / aleatoria si tienes un {C:attention}10 / en la mano
S	.descriptions.Joker.j_ortalab_evil_eye.name	Mal de ojo
A	.descriptions.Joker.j_ortalab_evil_eye.text	Gana {C:money}$#1#{} al final de la ronda / por cada carta {C:spectral}espectral / distinta {C:attention}vendida / {C:inactive,s:0.9}(Actual: {C:money,s:0.9}$#2#{C:inactive,s:0.9})
S	.descriptions.Joker.j_ortalab_flashback.name	Flashback
S	.descriptions.Joker.j_ortalab_graffiti.name	Grafiti
S	.descriptions.Joker.j_ortalab_klutz.name	Torpe
S	.descriptions.Joker.j_ortalab_memorial.name	Memorial
S	.descriptions.Joker.j_ortalab_occultist.name	Ocultista
A	.descriptions.Joker.j_ortalab_occultist.text	Todas las cartas {C:spectral}espectrales{} y / los {C:spectral}paquetes espectrales{} de la / tienda son gratis
S	.descriptions.Joker.j_ortalab_rockstar.name	Estrella del rock
S	.descriptions.Joker.j_ortalab_slot_machine.name	Tragaperras
A	.descriptions.Joker.j_ortalab_slot_machine.text	Si la mano jugada contiene / tres {C:attention}7 de la suerte{}, crea / una carta {C:spectral}espectral{} aleatoria
S	.descriptions.Joker.j_ortalab_stonehenge.name	Stonehenge
S	.descriptions.Joker.j_ortalab_virus.name	Virus
A	.descriptions.Ortalab Artist.no_demo.text	Arte provisional
A	.descriptions.Ortalab_Utility.ortalab_credit.text	Creado por {C:crimson}Crimson Heart{}, {C:eremel}Eremel{}, {C:gappie}Gappie{}, / {C:heyyou}Hey You{}, {C:monty}Dr. Monty{} ¡y muchísimos más!
A	.descriptions.Ortalab_Utility.taking_the_trick.text	#1# de #2#
S	.descriptions.Tag.zodiac_ortalab_aries.name	Aries
S	.descriptions.Tag.zodiac_ortalab_leo.name	Leo
S	.descriptions.Tag.zodiac_ortalab_libra.name	Libra
S	.descriptions.Tag.zodiac_ortalab_virgo.name	Virgo
S	.descriptions.Voucher.v_ortalab_hex.name	Hexadecimal
S	.descriptions.Voucher.v_ortalab_illegal_imports.name	Importaciones ilegales
A	.descriptions.Voucher.v_ortalab_illegal_imports.text	Las cartas {C:spectral}espectrales{} aparecen / {C:attention}#1#x{} más a menudo en la tienda
S	.descriptions.Voucher.v_ortalab_shady_trading.name	Comercio turbio
A	.descriptions.Voucher.v_ortalab_shady_trading.text	Pueden aparecer cartas / {C:spectral}espectrales{} en la tienda
S	.descriptions.ortalab_mythos.c_ortalab_excalibur.name	Excalibur
S	.descriptions.ortalab_mythos.c_ortalab_jormungand.name	Jörmungandr
S	.descriptions.ortalab_mythos.c_ortalab_ya_te_veo.name	Ya Te Veo
S	.misc.dictionary.k_ortalab_loteria	Lotería
S	.misc.dictionary.ortalab_config_loteria_skip	Lotería
A	.misc.dictionary.ortalab_config_artists_pos_options	Descripción principal / Cola de información / Ninguno
A	.misc.quips.ortalab_biker_1_loss	¡Eso se fue por el / barranco más rápido que / una bici sin frenos!
A	.misc.quips.ortalab_biker_1_win	¡Directo a la / línea de meta!
A	.misc.quips.ortalab_business	¡Solo son / negocios!
A	.misc.quips.ortalab_caffeyne_1	¡Buen trabajo! / Creo que ya basta / de entrenar por hoy
A	.misc.quips.ortalab_caffeyne_loss_1	¡Buen entrenamiento! / ¡Ahora vamos / a intentarlo otra vez!
A	.misc.quips.ortalab_caffeyne_loss_2	¿Y si buscas un / mejor equilibrio? / ¡Tú puedes!
A	.misc.quips.ortalab_generic_1_loss	¡La has liado!
A	.misc.quips.ortalab_generic_1_win	Juguemos a la Pesca / para relajarnos.
A	.misc.quips.ortalab_generic_2_loss	¡Menos mal que / no aposté todo / en tu contra!
A	.misc.quips.ortalab_generic_2_win	A ver hasta / dónde llega / esta partida
A	.misc.quips.ortalab_generic_3_loss	F en el chat
A	.misc.quips.ortalab_generic_3_win	GG en el chat
A	.misc.quips.ortalab_klutz	Ahí sí que / la has pifiado
A	.misc.quips.ortalab_koko_1	*Ruidos de masticar / ceras de colores*
A	.misc.quips.ortalab_koko_loss	Quizá deberíamos / probar otra / versión de esa carta...
A	.misc.quips.ortalab_koko_win_1	Puede que tenga que / reequilibrar algunas cosas.
A	.misc.quips.ortalab_koko_win_2	En 0r74148 universos / este era el único / camino a la victoria.
A	.misc.quips.ortalab_kopi_1	Una obra de arte. / ¡Buen trabajo!
A	.misc.quips.ortalab_kopi_loss_1	¡N-No pasa nada! / P-Podemos probar con / un lienzo nuevo.
A	.misc.quips.ortalab_kopi_loss_2	P-Perdón, no salió / como esperaba. / ¡Tú puedes!
A	.misc.quips.ortalab_kopi_loss_3	No hay errores, / solo accidentes felices.
A	.misc.quips.ortalab_rea_loss_1	Otra vez. / Sin excusas.
A	.misc.quips.ortalab_rea_loss_2	Eso fue horrible. / Otra vez.
A	.misc.quips.ortalab_revolver	Que alguien llame / a una ambulancia
A	.misc.quips.ortalab_royal_gala	¡Una manzana al día / mantiene al médico / en la lejanía!
A	.misc.quips.ortalab_scam_email_loss_1	¡Te han estafado!
A	.misc.quips.ortalab_scam_email_loss_2	¡Tienes / correo!
A	.misc.quips.ortalab_scam_email_win	¡Menuda estafa!
A	.misc.quips.ortalab_scantron	Siempre es la {C:green}C
A	.misc.quips.ortalab_scenic_route	¿Quizá haya / otro camino?
A	.misc.quips.ortalab_shinku_1	No está mal, pero / yo lo habría hecho más rápido
A	.misc.quips.ortalab_shinku_loss_1	¿En serio? / ¿Perdiste contra eso?
A	.misc.quips.ortalab_shinku_loss_2	¿Sabes que estás / jugando al póker, no?
A	.misc.quips.ortalab_shinku_loss_3	Vaya... / eso fue... / malo.
A	.misc.quips.ortalab_still_water	Percibo una / perturbación...
A	.misc.quips.ortalab_white_flag	Esto es / para ti.
A	.misc.v_text.ch_c_ortalab_chaosC	Todos los {C:attention}artículos de la tienda{} tienen la misma probabilidad
A	.misc.v_text.ch_c_ortalab_diseasedC	Todos los comodines están {C:infected}infectados{}
A	.misc.v_text.ch_c_ortalab_ephermeralC	Todos los comodines son {C:attention}perecederos{}
A	.misc.v_text.ch_c_ortalab_lostC	Al final de cada apuesta inicial, obtienes un {C:attention}parche de Inmolación{}
A	.misc.v_text.ch_c_ortalab_only	Solo está activado el contenido de {C:Ortalab}Ortalab{}
A	.misc.v_text.ch_c_ortalab_russianC	Todos los comodines están {C:possessed}poseídos{}
