A	.descriptions.Enhanced.m_poke_ludicolo.text	Hace algo increíble / cuando está en la mano
A	.descriptions.Joker.j_poke_axew.text	{C:attention}Naturaleza:{} {C:inactive}({C:attention}#1#, #2#{C:inactive}) / Las {C:chips}fichas{} y el {C:mult}multi{} base se / {C:attention}duplican{} en la primera mano / de {C:attention}Naturaleza{} de la ronda / {C:inactive,s:0.7}(Evoluciona tras jugar {C:attention,s:0.7}#3# manos de Naturaleza{C:inactive,s:0.7})
A	.descriptions.Joker.j_poke_banette.text	{C:attention}+#3#{} espacio de comodín, {C:chips}-#4#{} mano / Gana {C:mult}+#2#{} multi cuando / se vende un comodín / durante la {C:attention}ciega / {C:inactive}(Actual: {C:mult}+#1#{C:inactive} multi)
A	.descriptions.Joker.j_poke_bronzong.text	Reactiva cada {C:attention}#3#{} jugado / {br:3}ERROR - CONTACT STEAK / Cada {V:1}#4#{} jugado da / multi {X:mult,C:white}X#2#{} cuando anota / {C:inactive,s:0.7}La categoría y el palo cambian cada ronda{}
A	.descriptions.Joker.j_poke_bronzor.text	Cada {V:1}#3#{} jugado da / multi {X:mult,C:white}X#1#{} cuando anota / {C:inactive,s:0.8}(Evoluciona tras anotar {C:attention,s:0.8}#4# #2#{C:inactive,s:0.8}) / {C:inactive,s:0.7}La categoría y el palo cambian cada ronda{}
A	.descriptions.Joker.j_poke_drampa.text	{C:attention}+#1#{} paquete potenciador en la tienda / Los {C:attention}paquetes potenciadores{} siempre / son {C:attention}jumbo{} o mejores
A	.descriptions.Joker.j_poke_fraxure.text	{C:attention}Naturaleza:{} {C:inactive}({C:attention}#1#, #2#{C:inactive}) / Las {C:chips}fichas{} y el {C:mult}multi{} base se / {C:attention}duplican{} en las manos de {C:attention}Naturaleza / {C:inactive,s:0.7}(Evoluciona tras jugar {C:attention,s:0.7}#3# manos de Naturaleza{C:inactive,s:0.7})
A	.descriptions.Joker.j_poke_haxorus.text	{C:attention}Naturaleza:{} {C:inactive}({C:attention}#1#, #2#{C:inactive}) / Las {C:chips}fichas{} y el {C:mult}multi{} base se / {C:attention}triplican{} en las manos de {C:attention}Naturaleza
A	.descriptions.Joker.j_poke_kecleon.text	Copia el {C:poke_pink}Tipo{} del / comodín de la derecha / {br:2}ERROR - CONTACT STEAK / Multi {C:white,X:mult}X#1#{} si tienes / {C:attention}3+{} comodines {B:1,V:2}#2#{} / {C:inactive,s:0.8}(Cambia al tipo de {C:attention,s:0.8}Kecleon{C:inactive,s:0.8})
A	.descriptions.Joker.j_poke_klang.text	Gana {C:money}$#1#{} por cada {C:attention}#2#{} {C:inactive}[#3#]{} cartas / robadas durante las ciegas / {C:inactive,s:0.8}(Evoluciona tras ganar {C:money,s:0.8}$#4#{C:inactive,s:0.8})
A	.descriptions.Joker.j_poke_klink.text	Gana {C:money}$#1#{} por cada {C:attention}#2#{} {C:inactive}[#3#]{} cartas / robadas durante las ciegas / {C:inactive,s:0.8}(Evoluciona tras ganar {C:money,s:0.8}$#4#{C:inactive,s:0.8})
A	.descriptions.Joker.j_poke_klinklang.text	Gana {C:money}$#1#{} y multi {X:mult,C:white} X#5# {} / por cada {C:attention}#2#{} {C:inactive}[#3#]{} cartas / robadas durante las ciegas; el multi {X:mult,C:white}X{} / se reinicia al final de la ronda / {C:inactive}(Actual: multi {X:mult,C:white} X#4# {C:inactive})
A	.descriptions.Joker.j_poke_masquerain.text	{C:purple}+#1# de previsión / Permite formar {C:attention}escaleras / con {C:attention}categorías repetidas / {C:inactive}(p. ej.: {C:attention}10 9 9 8 7{C:inactive})
A	.descriptions.Joker.j_poke_mega_clefable.text	Las cartas de {C:clubs}tréboles{} jugadas dan / multi {C:white,X:mult}X#1#{} al anotar por / cada carta de {C:clubs}tréboles{} robada en esta {C:attention}ciega / {C:inactive}(Actual: multi {C:white,X:mult}X#2#{C:inactive})
A	.descriptions.Joker.j_poke_mega_dragonite.text	{C:mult}+#1#{} multi / {br:1.6}ERROR - CONTACT STEAK / Si la {C:attention}última mano{} contiene / exactamente {C:attention}1{} carta, se reactiva / {C:attention}#2#{} vez adicional por cada / carta que tengas {C:attention}en la mano
A	.descriptions.Joker.j_poke_mega_drampa.text	{C:attention}+#1#{} paquete potenciador en la tienda / Los {C:attention}paquetes potenciadores{} son / siempre {C:attention}mega / {br:2}ERROR - CONTACT STEAK / {C:attention}+#2#{} al límite de selección / en los {C:attention}paquetes potenciadores
A	.descriptions.Joker.j_poke_mega_feraligatr.text	{C:attention}Equipado con {C:poke_item}Escama Dragón / Cada comodín {X:poke_dragon,C:white}Dragón{} da / {C:chips}+#1#{} fichas por cada carta / jugada esta ronda / {C:inactive}(Actual: {C:chips}+#2#{C:inactive} fichas)
A	.descriptions.Joker.j_poke_mega_meganium.text	La primera carta de cada {C:attention}palo / que tengas en la mano da {C:money}$#1#{} y / se reactiva {C:attention}#2#{} vez adicional
A	.descriptions.Joker.j_poke_mega_raichu_x.text	{C:money}+$#1#{} al límite de interés / ganado en cada ronda / {br:2}ERROR - CONTACT STEAK / Ganas interés al / jugar una mano
A	.descriptions.Joker.j_poke_mega_raichu_y.text	{C:mult}+#1#{} multi por cada / {C:money}$#2#{} que tengas / {C:inactive}(Actual: {C:mult}+#3#{C:inactive} multi)
A	.descriptions.Joker.j_poke_mega_skarmory.text	{C:poke_hazard}+#1#{} capa y límite de peligro / Las cartas de {C:attention}peligro{} jugadas / dan multi {X:mult,C:white}X#2#{} por cada / carta de {C:attention}oro{} o {C:attention}acero{} que tengas {C:attention}en / la mano al anotar / {C:inactive}(Actual: multi {X:mult,C:white}X#3#{C:inactive}){}
A	.descriptions.Joker.j_poke_mega_starmie.text	Si la mano jugada tiene exactamente / {C:attention}2{} cartas, los {C:diamonds}#3#{} jugados / dan multi {X:mult,C:white} X#1# {} y {C:money}$#2#{} / al anotar
A	.descriptions.Joker.j_poke_mega_victreebel.text	{C:attention}Equipado con {C:spectral}Médium{} / Las cartas jugadas de categoría {C:attention}par / se reactivan {C:attention}#1#{} vez adicional / {br:2}ERROR - CONTACT STEAK / Las cartas jugadas con {C:attention}sello morado / se reactivan {C:attention}#1#{} vez adicional
A	.descriptions.Joker.j_poke_nuzleaf.text	Las cartas {C:attention}semilla{} jugadas dan / {C:chips}+#1#{} fichas al anotar / {br:2}ERROR - CONTACT STEAK / Las cartas {C:attention}flor{} robadas / se convierten en cartas {C:attention}semilla / {C:inactive,s:0.8}(Evoluciona con una {C:attention,s:0.8}Piedra Hoja{C:inactive,s:0.8}){}
S	.descriptions.Joker.j_poke_rage_candy_bar.name	Caramelo Furia
A	.descriptions.Joker.j_poke_rage_candy_bar.text	Al jugar la {C:attention}primera{} mano, / destruye las {C:attention}2{} cartas superiores / de tu baraja / {C:inactive}(Quedan {C:attention}#1#{C:inactive} manos){}
A	.descriptions.Joker.j_poke_seedot.text	Las cartas {C:attention}semilla{} jugadas dan / {C:chips}+#1#{} fichas al anotar / {C:inactive,s:0.8}(Evoluciona tras {C:attention,s:0.8}#2#{C:inactive,s:0.8} rondas)
A	.descriptions.Joker.j_poke_shiftry.text	{C:attention}+#2#{} nivel de crecimiento / Las cartas {C:attention}semilla{} jugadas dan / {C:chips}+#1#{} fichas al anotar / {br:2}ERROR - CONTACT STEAK / Las cartas {C:attention}flor{} robadas / se convierten en cartas {C:attention}semilla
A	.descriptions.Joker.j_poke_shuppet.text	Gana {C:mult}+#2#{} multi cuando / se vende un comodín / durante la {C:attention}ciega / {C:inactive}(Evoluciona con {C:mult}+#1#{C:inactive} / +#3# multi)
A	.descriptions.Joker.j_poke_surskit.text	Permite formar {C:attention}escaleras / con {C:attention}categorías repetidas / {C:inactive}(p. ej.: {C:attention}10 9 9 8 7{C:inactive}) / {C:inactive,s:0.8}(Evoluciona tras jugar {C:attention,s:0.8}#1#{C:inactive,s:0.8} escaleras){}
A	.descriptions.Joker.j_poke_tropius.text	Crea un comodín {C:attention}plátano{} al / final de la ronda una vez por {C:attention}apuesta inicial / {C:inactive}(Debe haber espacio) / {br:2}ERROR - CONTACT STEAK / Gana multi {X:mult,C:white} X#2# {} cuando se / destruye un comodín / {C:inactive}(Actual: multi {X:mult,C:white} X#1# {C:inactive})
A	.descriptions.Joker.j_poke_wailmer.text	{C:chips}+#1#{} fichas por cada / {C:clubs}#4#{} que quede en la {C:active}baraja / {C:inactive}(Actual: {C:chips}+#2#{C:inactive} fichas){} / {C:inactive,s:0.8}(Evoluciona tras {C:attention,s:0.8}#3#{C:inactive,s:0.8} rondas)
A	.descriptions.Joker.j_poke_wailord.text	Todas las cartas abiertas en {C:attention}paquetes / {C:attention}estándar{} se convierten en {C:clubs}#4# / {br:2}ERROR - CONTACT STEAK / {C:chips}+#1#{} fichas por cada / {C:clubs}#3#{} que quede en la {C:attention}baraja / {C:inactive}(Actual: {C:chips}+#2#{C:inactive} fichas){}
S	.descriptions.Other.depleted.name	Agotada
A	.descriptions.Other.depleted.text	No quedar {C:attention}ninguna{} copia / de una carta en la baraja
S	.descriptions.Other.endless.name	Reutilizable
S	.descriptions.Other.growth_level.name	Nivel de crecimiento
A	.descriptions.Other.growth_level.text	Veces adicionales que / crece una carta {C:attention}semilla / al anotar
S	.descriptions.Other.poke_energy_ui_tooltip.name	Contador de energía
A	.descriptions.Other.poke_energy_ui_tooltip.text	Muestra la {C:poke_pink}energía{} de un comodín / bajo su descripción
S	.descriptions.Other.poke_sell_value_ui_tooltip.name	Valor de venta
A	.descriptions.Other.poke_sell_value_ui_tooltip.text	Muestra el {C:money}valor de venta{} de un / comodín bajo su descripción
S	.descriptions.Other.undiscovered_poke_energy.name	Sin descubrir
A	.descriptions.Other.undiscovered_poke_energy.text	Compra o usa / esta carta en una / partida sin código / para saber qué hace
S	.descriptions.Other.undiscovered_poke_item.name	Sin descubrir
A	.descriptions.Other.undiscovered_poke_item.text	Compra o usa / esta carta en una / partida sin código / para saber qué hace
S	.descriptions.Spectral.c_poke_masterball.name	Master Ball
S	.descriptions.Spectral.c_poke_ultraball.name	Ultra Ball
S	.descriptions.Stake.stake_poke_diamond.colour	Diamante
S	.descriptions.Stake.stake_poke_pearl.colour	Perla
S	.descriptions.poke_item.c_poke_pokeball.name	Poké Ball
S	.misc.challenge_names.c_poke_hammertime	Hora del martillo
S	.misc.challenge_names.c_poke_imposter_syndrome	Síndrome del impostor
S	.misc.challenge_names.c_poke_littlecup	Copa Pequeña
S	.misc.challenge_names.c_poke_mean_look	Mal de ojo
S	.misc.challenge_names.c_poke_nuzlocke	Nuzlocke
S	.misc.dictionary.k_poke_time	vez
S	.misc.dictionary.k_poke_times	veces
S	.misc.dictionary.poke_devolve_success	Revertido
S	.misc.dictionary.poke_normal_forme	Normal
S	.misc.dictionary.poke_seed_ex	¡Semilla!
S	.misc.dictionary.poke_settings_pokemon_energy_ui	¿Mostrar contador de energía en los comodines?
S	.misc.dictionary.poke_settings_pokemon_sell_value_ui	¿Mostrar valor de venta en los comodines?
S	.misc.dictionary.poke_solar	Solar
S	.misc.v_dictionary.poke_unforeseen_debuff	#1# está prevista
A	.misc.v_text.ch_c_poke_add_ditto	Crea un {C:attention}Ditto{} al derrotar a la {C:attention}ciega jefe
A	.misc.v_text.ch_c_poke_foresight_plus	{C:purple}+7 de previsión
A	.misc.v_text.ch_c_poke_noncolorless	Todos los comodines que {C:attention}no{} son {X:poke_colorless,C:white}Incoloro{} están debilitados
A	.misc.v_text.ch_c_poke_unforeseen_hand	Debes jugar una mano {C:attention}imprevista
